Datetime,Water Level (m)
2026-02-09 12:00:00,0.10898697
2026-02-09 13:00:00,0.22415043
2026-02-09 14:00:00,0.19050772
2026-02-09 15:00:00,0.010961254
2026-02-09 16:00:00,-0.18390909
2026-02-09 17:00:00,-0.3372077
2026-02-09 18:00:00,-0.46272635
2026-02-09 19:00:00,-0.564152
2026-02-09 20:00:00,-0.6313797
2026-02-09 21:00:00,-0.5814969
2026-02-09 22:00:00,-0.3343587
2026-02-09 23:00:00,-0.08340146
2026-02-10 00:00:00,0.08333728
2026-02-10 01:00:00,0.11384974
2026-02-10 02:00:00,-0.03061663
2026-02-10 03:00:00,-0.2339604
2026-02-10 04:00:00,-0.4042177
2026-02-10 05:00:00,-0.5397229
2026-02-10 06:00:00,-0.64743817
2026-02-10 07:00:00,-0.72658134
2026-02-10 08:00:00,-0.77210015
2026-02-10 09:00:00,-0.7511272
2026-02-10 10:00:00,-0.5906939
2026-02-10 11:00:00,-0.36876538
2026-02-10 12:00:00,-0.16417949
2026-02-10 13:00:00,-0.0002751738
2026-02-10 14:00:00,0.09252571
2026-02-10 15:00:00,0.07592695
2026-02-10 16:00:00,-0.06238373
2026-02-10 17:00:00,-0.23215492
2026-02-10 18:00:00,-0.37015676
2026-02-10 19:00:00,-0.47669548
2026-02-10 20:00:00,-0.5457648
2026-02-10 21:00:00,-0.55858946
2026-02-10 22:00:00,-0.47874913
2026-02-10 23:00:00,-0.3466456
2026-02-11 00:00:00,-0.23451145
2026-02-11 01:00:00,-0.16507897
2026-02-11 02:00:00,-0.16900207
2026-02-11 03:00:00,-0.26238528
2026-02-11 04:00:00,-0.38573074
2026-02-11 05:00:00,-0.49746588
2026-02-11 06:00:00,-0.5931571
2026-02-11 07:00:00,-0.6760205
2026-02-11 08:00:00,-0.7422974
2026-02-11 09:00:00,-0.7865215
2026-02-11 10:00:00,-0.7680423
2026-02-11 11:00:00,-0.6201695
2026-02-11 12:00:00,-0.42736724
2026-02-11 13:00:00,-0.24909145
2026-02-11 14:00:00,-0.09581009
2026-02-11 15:00:00,0.00096241664
2026-02-11 16:00:00,0.019021481
2026-02-11 17:00:00,-0.042330742
2026-02-11 18:00:00,-0.15983658
2026-02-11 19:00:00,-0.28438523
2026-02-11 20:00:00,-0.39192095
2026-02-11 21:00:00,-0.47945958
2026-02-11 22:00:00,-0.54423386
2026-02-11 23:00:00,-0.5825086
2026-02-12 00:00:00,-0.5764484
2026-02-12 01:00:00,-0.49483085
2026-02-12 02:00:00,-0.37632397
2026-02-12 03:00:00,-0.29470202
2026-02-12 04:00:00,-0.28490838
2026-02-12 05:00:00,-0.347578
2026-02-12 06:00:00,-0.44020295
2026-02-12 07:00:00,-0.53168476
2026-02-12 08:00:00,-0.6178708
2026-02-12 09:00:00,-0.6966866
2026-02-12 10:00:00,-0.7609808
2026-02-12 11:00:00,-0.7992371
2026-02-12 12:00:00,-0.76243734
2026-02-12 13:00:00,-0.5993878
2026-02-12 14:00:00,-0.38988855
2026-02-12 15:00:00,-0.18441871
2026-02-12 16:00:00,-0.012603981
2026-02-12 17:00:00,0.08832213
2026-02-12 18:00:00,0.09282338
2026-02-12 19:00:00,-0.008019759
2026-02-12 20:00:00,-0.16796546
2026-02-12 21:00:00,-0.31735533
2026-02-12 22:00:00,-0.44724542
2026-02-12 23:00:00,-0.55847996
2026-02-13 00:00:00,-0.64697707
2026-02-13 01:00:00,-0.70167464
2026-02-13 02:00:00,-0.682965
2026-02-13 03:00:00,-0.53170407
2026-02-13 04:00:00,-0.3533506
2026-02-13 05:00:00,-0.2339092
2026-02-13 06:00:00,-0.19186732
2026-02-13 07:00:00,-0.23732182
2026-02-13 08:00:00,-0.35835132
2026-02-13 09:00:00,-0.49440753
2026-02-13 10:00:00,-0.61832064
2026-02-13 11:00:00,-0.7239925
2026-02-13 12:00:00,-0.80741924
2026-02-13 13:00:00,-0.8485343
2026-02-13 14:00:00,-0.7238347
2026-02-13 15:00:00,-0.45465526
2026-02-13 16:00:00,-0.18440755
2026-02-13 17:00:00,0.044474524
2026-02-13 18:00:00,0.19246225
2026-02-13 19:00:00,0.21923733
2026-02-13 20:00:00,0.103152625
2026-02-13 21:00:00,-0.09968257
2026-02-13 22:00:00,-0.286584
2026-02-13 23:00:00,-0.44414133
2026-02-14 00:00:00,-0.5784918
2026-02-14 01:00:00,-0.68806696
2026-02-14 02:00:00,-0.7635093
2026-02-14 03:00:00,-0.75300175
2026-02-14 04:00:00,-0.5278968
2026-02-14 05:00:00,-0.27110508
2026-02-14 06:00:00,-0.09256754
2026-02-14 07:00:00,-0.025705509
2026-02-14 08:00:00,-0.10349362
2026-02-14 09:00:00,-0.2822706
2026-02-14 10:00:00,-0.45554727
2026-02-14 11:00:00,-0.6002119
2026-02-14 12:00:00,-0.7179776
2026-02-14 13:00:00,-0.81143963
2026-02-14 14:00:00,-0.859273
2026-02-14 15:00:00,-0.71429634
2026-02-14 16:00:00,-0.40602276
2026-02-14 17:00:00,-0.09174949
2026-02-14 18:00:00,0.18325421
2026-02-14 19:00:00,0.3513277
2026-02-14 20:00:00,0.3603141
2026-02-14 21:00:00,0.17876032
2026-02-14 22:00:00,-0.07440438
2026-02-14 23:00:00,-0.2820296
2026-02-15 00:00:00,-0.45267898
2026-02-15 01:00:00,-0.5955764
2026-02-15 02:00:00,-0.7123753
2026-02-15 03:00:00,-0.79608274
2026-02-15 04:00:00,-0.73898053
2026-02-15 05:00:00,-0.43094322
2026-02-15 06:00:00,-0.128841
2026-02-15 07:00:00,0.07074018
2026-02-15 08:00:00,0.124217264
2026-02-15 09:00:00,-0.010046931
2026-02-15 10:00:00,-0.23234753
2026-02-15 11:00:00,-0.42401344
2026-02-15 12:00:00,-0.5786405
